<?xml version="1.0"?>

<PropertyList>

  <params>
   <drag>/environment/terrain-info/gear/unit[14]/wake-dust-factor</drag>
   <placer-width>1.7</placer-width>
   <start-size>0.7</start-size>
   <end-size>1.5</end-size>
   <start-alpha>0.5</start-alpha>
   <end-alpha>0</end-alpha>
   <life-sec>20</life-sec>
   <mass-kg>.02</mass-kg>      
  </params>

  <particlesystem include="sponson.xml"/>
   <offsets>              
      <x-m> 1.15 </x-m>
      <y-m> 0 </y-m>
      <z-m> 1.5 </z-m>   
   </offsets>

  <animation>
   <type>range</type>
   <min-m>0</min-m>
   <max-m>5000</max-m>
  </animation>

</PropertyList>
