<?xml version="1.0"?>

<!-- right landing gear wheel; this is the dust for LAND landings -->
<!-- Note that this file is loaded by camel_effects.xml. Drag, place-width & other params are read by sponson.xml - see that file for more details -->

<PropertyList>

  <params>
   <drag>/environment/terrain-info/gear/unit[0]/wake-dust-factor</drag>
   <placer-width>.0005</placer-width>
   <start-size>0.15</start-size>
   <end-size>0.15</end-size>     
   <start-alpha>0.2</start-alpha>
   <end-alpha>0</end-alpha>
   <life-sec>2</life-sec>
   <mass-kg>.03</mass-kg> 
  </params>

  <particlesystem include="sponson.xml">
   <offsets>
 
        <x-m>  .3 </x-m>                                          <!-- right landing gear wheel -->
        <y-m>  .738124 </y-m>                                          
        <z-m>  -1.3 </z-m>                                          
    
   </offsets>
  </particlesystem>

  <animation>
   <type>range</type>
   <min-m>0</min-m>
   <max-m>50</max-m>
  </animation>

</PropertyList>
